as_of,base_ccy,quote_ccy,usd_per_unit
2024-12-02,GBP,USD,1.266288
2024-12-02,EUR,USD,1.047617
2024-12-02,AUD,USD,0.643896
2024-12-03,GBP,USD,1.264574
2024-12-03,EUR,USD,1.045462
2024-12-03,AUD,USD,0.642616
2024-12-04,GBP,USD,1.269503
2024-12-04,EUR,USD,1.049316
2024-12-04,AUD,USD,0.642037
2024-12-05,GBP,USD,1.265322
2024-12-05,EUR,USD,1.045425
2024-12-05,AUD,USD,0.640336
2024-12-06,GBP,USD,1.270315
2024-12-06,EUR,USD,1.043592
2024-12-06,AUD,USD,0.640862
2024-12-09,GBP,USD,1.272362
2024-12-09,EUR,USD,1.049949
2024-12-09,AUD,USD,0.644658
2024-12-10,GBP,USD,1.269541
2024-12-10,EUR,USD,1.048986
2024-12-10,AUD,USD,0.643128
2024-12-11,GBP,USD,1.270674
2024-12-11,EUR,USD,1.047226
2024-12-11,AUD,USD,0.642206
2024-12-12,GBP,USD,1.272676
2024-12-12,EUR,USD,1.043227
2024-12-12,AUD,USD,0.644546
2024-12-13,GBP,USD,1.269966
2024-12-13,EUR,USD,1.039576
2024-12-13,AUD,USD,0.643825
2024-12-16,GBP,USD,1.258766
2024-12-16,EUR,USD,1.035766
2024-12-16,AUD,USD,0.648652
2024-12-17,GBP,USD,1.263643
2024-12-17,EUR,USD,1.036807
2024-12-17,AUD,USD,0.648227
2024-12-18,GBP,USD,1.261831
2024-12-18,EUR,USD,1.036378
2024-12-18,AUD,USD,0.647490
2024-12-19,GBP,USD,1.258401
2024-12-19,EUR,USD,1.035217
2024-12-19,AUD,USD,0.648226
2024-12-20,GBP,USD,1.259907
2024-12-20,EUR,USD,1.032065
2024-12-20,AUD,USD,0.649666
2024-12-23,GBP,USD,1.255933
2024-12-23,EUR,USD,1.031147
2024-12-23,AUD,USD,0.652124
2024-12-24,GBP,USD,1.252735
2024-12-24,EUR,USD,1.027762
2024-12-24,AUD,USD,0.649634
2024-12-26,GBP,USD,1.258303
2024-12-26,EUR,USD,1.026896
2024-12-26,AUD,USD,0.651682
2024-12-27,GBP,USD,1.258043
2024-12-27,EUR,USD,1.026061
2024-12-27,AUD,USD,0.652538
2024-12-30,GBP,USD,1.257048
2024-12-30,EUR,USD,1.030807
2024-12-30,AUD,USD,0.652391
2024-12-31,GBP,USD,1.256884
2024-12-31,EUR,USD,1.032764
2024-12-31,AUD,USD,0.654249
2025-01-02,GBP,USD,1.257986
2025-01-02,EUR,USD,1.037849
2025-01-02,AUD,USD,0.652482
2025-01-03,GBP,USD,1.258993
2025-01-03,EUR,USD,1.039589
2025-01-03,AUD,USD,0.654537
2025-01-06,GBP,USD,1.264345
2025-01-06,EUR,USD,1.038944
2025-01-06,AUD,USD,0.656370
2025-01-07,GBP,USD,1.260935
2025-01-07,EUR,USD,1.039042
2025-01-07,AUD,USD,0.654531
2025-01-08,GBP,USD,1.256912
2025-01-08,EUR,USD,1.043053
2025-01-08,AUD,USD,0.653687
2025-01-09,GBP,USD,1.260967
2025-01-09,EUR,USD,1.046234
2025-01-09,AUD,USD,0.653116
2025-01-10,GBP,USD,1.256603
2025-01-10,EUR,USD,1.048235
2025-01-10,AUD,USD,0.653540
2025-01-13,GBP,USD,1.256687
2025-01-13,EUR,USD,1.039930
2025-01-13,AUD,USD,0.653653
2025-01-14,GBP,USD,1.259421
2025-01-14,EUR,USD,1.038034
2025-01-14,AUD,USD,0.652639
2025-01-15,GBP,USD,1.262975
2025-01-15,EUR,USD,1.037048
2025-01-15,AUD,USD,0.654080
2025-01-16,GBP,USD,1.263996
2025-01-16,EUR,USD,1.038139
2025-01-16,AUD,USD,0.651981
2025-01-17,GBP,USD,1.267721
2025-01-17,EUR,USD,1.036743
2025-01-17,AUD,USD,0.653805
2025-01-20,GBP,USD,1.265032
2025-01-20,EUR,USD,1.030582
2025-01-20,AUD,USD,0.654966
2025-01-21,GBP,USD,1.262798
2025-01-21,EUR,USD,1.027509
2025-01-21,AUD,USD,0.653673
2025-01-22,GBP,USD,1.263924
2025-01-22,EUR,USD,1.028443
2025-01-22,AUD,USD,0.652363
2025-01-23,GBP,USD,1.263123
2025-01-23,EUR,USD,1.028671
2025-01-23,AUD,USD,0.649887
2025-01-24,GBP,USD,1.268003
2025-01-24,EUR,USD,1.031625
2025-01-24,AUD,USD,0.647758
2025-01-27,GBP,USD,1.268075
2025-01-27,EUR,USD,1.030926
2025-01-27,AUD,USD,0.649006
2025-01-28,GBP,USD,1.268348
2025-01-28,EUR,USD,1.027548
2025-01-28,AUD,USD,0.648819
2025-01-29,GBP,USD,1.264169
2025-01-29,EUR,USD,1.028923
2025-01-29,AUD,USD,0.651116
2025-01-30,GBP,USD,1.262545
2025-01-30,EUR,USD,1.030433
2025-01-30,AUD,USD,0.652055
2025-01-31,GBP,USD,1.261056
2025-01-31,EUR,USD,1.033375
2025-01-31,AUD,USD,0.650096
2025-02-03,GBP,USD,1.249651
2025-02-03,EUR,USD,1.030692
2025-02-03,AUD,USD,0.650088
2025-02-04,GBP,USD,1.252195
2025-02-04,EUR,USD,1.031616
2025-02-04,AUD,USD,0.648310
2025-02-05,GBP,USD,1.250517
2025-02-05,EUR,USD,1.028702
2025-02-05,AUD,USD,0.646984
2025-02-06,GBP,USD,1.255397
2025-02-06,EUR,USD,1.031685
2025-02-06,AUD,USD,0.649357
2025-02-07,GBP,USD,1.254507
2025-02-07,EUR,USD,1.030908
2025-02-07,AUD,USD,0.648104
2025-02-10,GBP,USD,1.257339
2025-02-10,EUR,USD,1.031124
2025-02-10,AUD,USD,0.649624
2025-02-11,GBP,USD,1.261795
2025-02-11,EUR,USD,1.032024
2025-02-11,AUD,USD,0.650650
2025-02-12,GBP,USD,1.258411
2025-02-12,EUR,USD,1.028187
2025-02-12,AUD,USD,0.649634
2025-02-13,GBP,USD,1.253751
2025-02-13,EUR,USD,1.026694
2025-02-13,AUD,USD,0.649453
2025-02-14,GBP,USD,1.257271
2025-02-14,EUR,USD,1.023186
2025-02-14,AUD,USD,0.649606
2025-02-17,GBP,USD,1.265444
2025-02-17,EUR,USD,1.023102
2025-02-17,AUD,USD,0.647100
2025-02-18,GBP,USD,1.264114
2025-02-18,EUR,USD,1.026913
2025-02-18,AUD,USD,0.646839
2025-02-19,GBP,USD,1.266371
2025-02-19,EUR,USD,1.028722
2025-02-19,AUD,USD,0.646378
2025-02-20,GBP,USD,1.266877
2025-02-20,EUR,USD,1.028532
2025-02-20,AUD,USD,0.647502
2025-02-21,GBP,USD,1.263428
2025-02-21,EUR,USD,1.024673
2025-02-21,AUD,USD,0.648865
2025-02-24,GBP,USD,1.257212
2025-02-24,EUR,USD,1.021558
2025-02-24,AUD,USD,0.650654
2025-02-25,GBP,USD,1.260088
2025-02-25,EUR,USD,1.023067
2025-02-25,AUD,USD,0.650967
2025-02-26,GBP,USD,1.256218
2025-02-26,EUR,USD,1.020753
2025-02-26,AUD,USD,0.649334
2025-02-27,GBP,USD,1.255483
2025-02-27,EUR,USD,1.021532
2025-02-27,AUD,USD,0.650952
2025-02-28,GBP,USD,1.255255
2025-02-28,EUR,USD,1.025053
2025-02-28,AUD,USD,0.652603
2025-03-03,GBP,USD,1.258851
2025-03-03,EUR,USD,1.033736
2025-03-03,AUD,USD,0.650118
2025-03-04,GBP,USD,1.254540
2025-03-04,EUR,USD,1.031829
2025-03-04,AUD,USD,0.649356
2025-03-05,GBP,USD,1.250726
2025-03-05,EUR,USD,1.028199
2025-03-05,AUD,USD,0.651759
2025-03-06,GBP,USD,1.254067
2025-03-06,EUR,USD,1.030808
2025-03-06,AUD,USD,0.650735
2025-03-07,GBP,USD,1.253845
2025-03-07,EUR,USD,1.028069
2025-03-07,AUD,USD,0.651885
2025-03-10,GBP,USD,1.242453
2025-03-10,EUR,USD,1.025125
2025-03-10,AUD,USD,0.648021
2025-03-11,GBP,USD,1.244033
2025-03-11,EUR,USD,1.026499
2025-03-11,AUD,USD,0.646256
2025-03-12,GBP,USD,1.244875
2025-03-12,EUR,USD,1.028907
2025-03-12,AUD,USD,0.646232
2025-03-13,GBP,USD,1.242595
2025-03-13,EUR,USD,1.027038
2025-03-13,AUD,USD,0.646404
2025-03-14,GBP,USD,1.243254
2025-03-14,EUR,USD,1.028704
2025-03-14,AUD,USD,0.647708
2025-03-17,GBP,USD,1.235237
2025-03-17,EUR,USD,1.035788
2025-03-17,AUD,USD,0.649118
2025-03-18,GBP,USD,1.234275
2025-03-18,EUR,USD,1.033142
2025-03-18,AUD,USD,0.649703
2025-03-19,GBP,USD,1.235795
2025-03-19,EUR,USD,1.029118
2025-03-19,AUD,USD,0.647160
2025-03-20,GBP,USD,1.236629
2025-03-20,EUR,USD,1.032824
2025-03-20,AUD,USD,0.648399
2025-03-21,GBP,USD,1.234879
2025-03-21,EUR,USD,1.033014
2025-03-21,AUD,USD,0.650788
2025-03-24,GBP,USD,1.234945
2025-03-24,EUR,USD,1.029400
2025-03-24,AUD,USD,0.645918
2025-03-25,GBP,USD,1.238052
2025-03-25,EUR,USD,1.029666
2025-03-25,AUD,USD,0.647279
2025-03-26,GBP,USD,1.235425
2025-03-26,EUR,USD,1.028892
2025-03-26,AUD,USD,0.644847
2025-03-27,GBP,USD,1.230624
2025-03-27,EUR,USD,1.030054
2025-03-27,AUD,USD,0.644912
2025-03-28,GBP,USD,1.232809
2025-03-28,EUR,USD,1.033394
2025-03-28,AUD,USD,0.646462
2025-03-31,GBP,USD,1.234957
2025-03-31,EUR,USD,1.034487
2025-03-31,AUD,USD,0.644062
2025-04-01,GBP,USD,1.239154
2025-04-01,EUR,USD,1.036993
2025-04-01,AUD,USD,0.642045
2025-04-02,GBP,USD,1.234650
2025-04-02,EUR,USD,1.039191
2025-04-02,AUD,USD,0.641168
2025-04-03,GBP,USD,1.234758
2025-04-03,EUR,USD,1.037998
2025-04-03,AUD,USD,0.641244
2025-04-04,GBP,USD,1.237994
2025-04-04,EUR,USD,1.040714
2025-04-04,AUD,USD,0.639923
2025-04-07,GBP,USD,1.243784
2025-04-07,EUR,USD,1.043326
2025-04-07,AUD,USD,0.642021
2025-04-08,GBP,USD,1.248258
2025-04-08,EUR,USD,1.044359
2025-04-08,AUD,USD,0.643598
2025-04-09,GBP,USD,1.243361
2025-04-09,EUR,USD,1.045024
2025-04-09,AUD,USD,0.645748
2025-04-10,GBP,USD,1.242745
2025-04-10,EUR,USD,1.046283
2025-04-10,AUD,USD,0.646588
2025-04-11,GBP,USD,1.237990
2025-04-11,EUR,USD,1.046881
2025-04-11,AUD,USD,0.646409
2025-04-14,GBP,USD,1.243425
2025-04-14,EUR,USD,1.044120
2025-04-14,AUD,USD,0.641940
2025-04-15,GBP,USD,1.240218
2025-04-15,EUR,USD,1.046516
2025-04-15,AUD,USD,0.641025
2025-04-16,GBP,USD,1.236780
2025-04-16,EUR,USD,1.050478
2025-04-16,AUD,USD,0.640161
2025-04-17,GBP,USD,1.241300
2025-04-17,EUR,USD,1.052004
2025-04-17,AUD,USD,0.640763
2025-04-21,GBP,USD,1.253513
2025-04-21,EUR,USD,1.045645
2025-04-21,AUD,USD,0.642738
2025-04-22,GBP,USD,1.250662
2025-04-22,EUR,USD,1.046894
2025-04-22,AUD,USD,0.644443
2025-04-23,GBP,USD,1.252681
2025-04-23,EUR,USD,1.049085
2025-04-23,AUD,USD,0.646297
2025-04-24,GBP,USD,1.253533
2025-04-24,EUR,USD,1.051634
2025-04-24,AUD,USD,0.644015
2025-04-25,GBP,USD,1.252884
2025-04-25,EUR,USD,1.055469
2025-04-25,AUD,USD,0.646143
2025-04-28,GBP,USD,1.253056
2025-04-28,EUR,USD,1.057289
2025-04-28,AUD,USD,0.645141
2025-04-29,GBP,USD,1.252851
2025-04-29,EUR,USD,1.061300
2025-04-29,AUD,USD,0.646907
2025-04-30,GBP,USD,1.255313
2025-04-30,EUR,USD,1.065444
2025-04-30,AUD,USD,0.644635
2025-05-01,GBP,USD,1.258284
2025-05-01,EUR,USD,1.064910
2025-05-01,AUD,USD,0.645158
2025-05-02,GBP,USD,1.262761
2025-05-02,EUR,USD,1.065632
2025-05-02,AUD,USD,0.647644
2025-05-05,GBP,USD,1.255265
2025-05-05,EUR,USD,1.071799
2025-05-05,AUD,USD,0.647498
2025-05-06,GBP,USD,1.258835
2025-05-06,EUR,USD,1.071334
2025-05-06,AUD,USD,0.648199
2025-05-07,GBP,USD,1.258102
2025-05-07,EUR,USD,1.069965
2025-05-07,AUD,USD,0.649523
2025-05-08,GBP,USD,1.254874
2025-05-08,EUR,USD,1.071928
2025-05-08,AUD,USD,0.650401
2025-05-09,GBP,USD,1.252123
2025-05-09,EUR,USD,1.075789
2025-05-09,AUD,USD,0.647970
2025-05-12,GBP,USD,1.246772
2025-05-12,EUR,USD,1.082985
2025-05-12,AUD,USD,0.649422
2025-05-13,GBP,USD,1.243586
2025-05-13,EUR,USD,1.080230
2025-05-13,AUD,USD,0.647699
2025-05-14,GBP,USD,1.247130
2025-05-14,EUR,USD,1.082971
2025-05-14,AUD,USD,0.649914
2025-05-15,GBP,USD,1.245124
2025-05-15,EUR,USD,1.086978
2025-05-15,AUD,USD,0.648554
2025-05-16,GBP,USD,1.249096
2025-05-16,EUR,USD,1.091110
2025-05-16,AUD,USD,0.646915
2025-05-19,GBP,USD,1.253228
2025-05-19,EUR,USD,1.095911
2025-05-19,AUD,USD,0.651060
2025-05-20,GBP,USD,1.256637
2025-05-20,EUR,USD,1.098441
2025-05-20,AUD,USD,0.651967
2025-05-21,GBP,USD,1.256417
2025-05-21,EUR,USD,1.096252
2025-05-21,AUD,USD,0.653862
2025-05-22,GBP,USD,1.257123
2025-05-22,EUR,USD,1.097930
2025-05-22,AUD,USD,0.656053
2025-05-23,GBP,USD,1.258945
2025-05-23,EUR,USD,1.096503
2025-05-23,AUD,USD,0.657049
2025-05-26,GBP,USD,1.260284
2025-05-26,EUR,USD,1.100523
2025-05-26,AUD,USD,0.656966
2025-05-27,GBP,USD,1.257212
2025-05-27,EUR,USD,1.104472
2025-05-27,AUD,USD,0.654498
2025-05-28,GBP,USD,1.256785
2025-05-28,EUR,USD,1.105490
2025-05-28,AUD,USD,0.655566
2025-05-29,GBP,USD,1.257233
2025-05-29,EUR,USD,1.104864
2025-05-29,AUD,USD,0.655902
2025-05-30,GBP,USD,1.261776
2025-05-30,EUR,USD,1.108439
2025-05-30,AUD,USD,0.655701
2025-06-02,GBP,USD,1.254302
2025-06-02,EUR,USD,1.106843
2025-06-02,AUD,USD,0.653837
2025-06-03,GBP,USD,1.252118
2025-06-03,EUR,USD,1.107649
2025-06-03,AUD,USD,0.652059
2025-06-04,GBP,USD,1.254684
2025-06-04,EUR,USD,1.109060
2025-06-04,AUD,USD,0.652397
2025-06-05,GBP,USD,1.256574
2025-06-05,EUR,USD,1.105474
2025-06-05,AUD,USD,0.652416
2025-06-06,GBP,USD,1.252466
2025-06-06,EUR,USD,1.102935
2025-06-06,AUD,USD,0.653441
2025-06-09,GBP,USD,1.238830
2025-06-09,EUR,USD,1.098251
2025-06-09,AUD,USD,0.653420
2025-06-10,GBP,USD,1.239024
2025-06-10,EUR,USD,1.099468
2025-06-10,AUD,USD,0.654765
2025-06-11,GBP,USD,1.239029
2025-06-11,EUR,USD,1.099398
2025-06-11,AUD,USD,0.655858
2025-06-12,GBP,USD,1.234477
2025-06-12,EUR,USD,1.097860
2025-06-12,AUD,USD,0.654751
2025-06-13,GBP,USD,1.237746
2025-06-13,EUR,USD,1.100204
2025-06-13,AUD,USD,0.656431
2025-06-16,GBP,USD,1.231927
2025-06-16,EUR,USD,1.108526
2025-06-16,AUD,USD,0.653467
2025-06-17,GBP,USD,1.235567
2025-06-17,EUR,USD,1.105357
2025-06-17,AUD,USD,0.650907
2025-06-18,GBP,USD,1.234533
2025-06-18,EUR,USD,1.103998
2025-06-18,AUD,USD,0.651134
2025-06-19,GBP,USD,1.239487
2025-06-19,EUR,USD,1.104882
2025-06-19,AUD,USD,0.652590
2025-06-20,GBP,USD,1.239187
2025-06-20,EUR,USD,1.105734
2025-06-20,AUD,USD,0.653408
2025-06-23,GBP,USD,1.236899
2025-06-23,EUR,USD,1.109962
2025-06-23,AUD,USD,0.655513
2025-06-24,GBP,USD,1.240868
2025-06-24,EUR,USD,1.108350
2025-06-24,AUD,USD,0.655782
2025-06-25,GBP,USD,1.236791
2025-06-25,EUR,USD,1.107167
2025-06-25,AUD,USD,0.657260
2025-06-26,GBP,USD,1.240702
2025-06-26,EUR,USD,1.110124
2025-06-26,AUD,USD,0.659421
2025-06-27,GBP,USD,1.241225
2025-06-27,EUR,USD,1.113992
2025-06-27,AUD,USD,0.659430
2025-06-30,GBP,USD,1.239375
2025-06-30,EUR,USD,1.120402
2025-06-30,AUD,USD,0.663841
2025-07-01,GBP,USD,1.243419
2025-07-01,EUR,USD,1.121990
2025-07-01,AUD,USD,0.662413
2025-07-02,GBP,USD,1.240464
2025-07-02,EUR,USD,1.119871
2025-07-02,AUD,USD,0.663673
2025-07-03,GBP,USD,1.243245
2025-07-03,EUR,USD,1.116295
2025-07-03,AUD,USD,0.662604
2025-07-04,GBP,USD,1.246021
2025-07-04,EUR,USD,1.117897
2025-07-04,AUD,USD,0.660610
2025-07-07,GBP,USD,1.249163
2025-07-07,EUR,USD,1.114394
2025-07-07,AUD,USD,0.663610
2025-07-08,GBP,USD,1.250522
2025-07-08,EUR,USD,1.111095
2025-07-08,AUD,USD,0.661532
2025-07-09,GBP,USD,1.249182
2025-07-09,EUR,USD,1.108248
2025-07-09,AUD,USD,0.659303
2025-07-10,GBP,USD,1.248195
2025-07-10,EUR,USD,1.105854
2025-07-10,AUD,USD,0.659234
2025-07-11,GBP,USD,1.253022
2025-07-11,EUR,USD,1.109037
2025-07-11,AUD,USD,0.659618
2025-07-14,GBP,USD,1.252939
2025-07-14,EUR,USD,1.112848
2025-07-14,AUD,USD,0.660555
2025-07-15,GBP,USD,1.250149
2025-07-15,EUR,USD,1.111432
2025-07-15,AUD,USD,0.662454
2025-07-16,GBP,USD,1.249504
2025-07-16,EUR,USD,1.113626
2025-07-16,AUD,USD,0.664497
2025-07-17,GBP,USD,1.254407
2025-07-17,EUR,USD,1.112306
2025-07-17,AUD,USD,0.666905
2025-07-18,GBP,USD,1.253821
2025-07-18,EUR,USD,1.108701
2025-07-18,AUD,USD,0.665136
2025-07-21,GBP,USD,1.260110
2025-07-21,EUR,USD,1.115621
2025-07-21,AUD,USD,0.668243
2025-07-22,GBP,USD,1.258604
2025-07-22,EUR,USD,1.115225
2025-07-22,AUD,USD,0.665824
2025-07-23,GBP,USD,1.258609
2025-07-23,EUR,USD,1.118640
2025-07-23,AUD,USD,0.663387
2025-07-24,GBP,USD,1.257755
2025-07-24,EUR,USD,1.116390
2025-07-24,AUD,USD,0.662292
2025-07-25,GBP,USD,1.259943
2025-07-25,EUR,USD,1.118251
2025-07-25,AUD,USD,0.663493
2025-07-28,GBP,USD,1.270257
2025-07-28,EUR,USD,1.111959
2025-07-28,AUD,USD,0.665214
2025-07-29,GBP,USD,1.273107
2025-07-29,EUR,USD,1.116416
2025-07-29,AUD,USD,0.665528
2025-07-30,GBP,USD,1.273627
2025-07-30,EUR,USD,1.116123
2025-07-30,AUD,USD,0.666771
2025-07-31,GBP,USD,1.272190
2025-07-31,EUR,USD,1.119905
2025-07-31,AUD,USD,0.664504
2025-08-01,GBP,USD,1.272966
2025-08-01,EUR,USD,1.118895
2025-08-01,AUD,USD,0.663700
2025-08-04,GBP,USD,1.277099
2025-08-04,EUR,USD,1.112510
2025-08-04,AUD,USD,0.663453
2025-08-05,GBP,USD,1.277755
2025-08-05,EUR,USD,1.113480
2025-08-05,AUD,USD,0.664172
2025-08-06,GBP,USD,1.281009
2025-08-06,EUR,USD,1.114385
2025-08-06,AUD,USD,0.663919
2025-08-07,GBP,USD,1.276603
2025-08-07,EUR,USD,1.110583
2025-08-07,AUD,USD,0.666032
2025-08-08,GBP,USD,1.279371
2025-08-08,EUR,USD,1.108741
2025-08-08,AUD,USD,0.664675
2025-08-11,GBP,USD,1.266739
2025-08-11,EUR,USD,1.107580
2025-08-11,AUD,USD,0.660980
2025-08-12,GBP,USD,1.264932
2025-08-12,EUR,USD,1.109072
2025-08-12,AUD,USD,0.662528
2025-08-13,GBP,USD,1.261477
2025-08-13,EUR,USD,1.112592
2025-08-13,AUD,USD,0.662383
2025-08-14,GBP,USD,1.263125
2025-08-14,EUR,USD,1.115831
2025-08-14,AUD,USD,0.662355
2025-08-15,GBP,USD,1.265821
2025-08-15,EUR,USD,1.117686
2025-08-15,AUD,USD,0.662140
2025-08-18,GBP,USD,1.261222
2025-08-18,EUR,USD,1.115292
2025-08-18,AUD,USD,0.661988
2025-08-19,GBP,USD,1.262813
2025-08-19,EUR,USD,1.112292
2025-08-19,AUD,USD,0.663525
2025-08-20,GBP,USD,1.261564
2025-08-20,EUR,USD,1.116692
2025-08-20,AUD,USD,0.662355
2025-08-21,GBP,USD,1.263576
2025-08-21,EUR,USD,1.118420
2025-08-21,AUD,USD,0.663225
2025-08-22,GBP,USD,1.262251
2025-08-22,EUR,USD,1.115489
2025-08-22,AUD,USD,0.663170
2025-08-25,GBP,USD,1.266116
2025-08-25,EUR,USD,1.108920
2025-08-25,AUD,USD,0.662313
2025-08-26,GBP,USD,1.266070
2025-08-26,EUR,USD,1.108358
2025-08-26,AUD,USD,0.659873
2025-08-27,GBP,USD,1.271030
2025-08-27,EUR,USD,1.112758
2025-08-27,AUD,USD,0.660601
2025-08-28,GBP,USD,1.275098
2025-08-28,EUR,USD,1.110818
2025-08-28,AUD,USD,0.660602
2025-08-29,GBP,USD,1.277661
2025-08-29,EUR,USD,1.107783
2025-08-29,AUD,USD,0.662359
2025-09-01,GBP,USD,1.269783
2025-09-01,EUR,USD,1.108363
2025-09-01,AUD,USD,0.659718
2025-09-02,GBP,USD,1.273910
2025-09-02,EUR,USD,1.111291
2025-09-02,AUD,USD,0.659416
2025-09-03,GBP,USD,1.273160
2025-09-03,EUR,USD,1.112610
2025-09-03,AUD,USD,0.660955
2025-09-04,GBP,USD,1.268368
2025-09-04,EUR,USD,1.112816
2025-09-04,AUD,USD,0.660446
2025-09-05,GBP,USD,1.267713
2025-09-05,EUR,USD,1.110873
2025-09-05,AUD,USD,0.661982
2025-09-08,GBP,USD,1.265844
2025-09-08,EUR,USD,1.104540
2025-09-08,AUD,USD,0.666664
2025-09-09,GBP,USD,1.260912
2025-09-09,EUR,USD,1.102351
2025-09-09,AUD,USD,0.665015
2025-09-10,GBP,USD,1.256940
2025-09-10,EUR,USD,1.100087
2025-09-10,AUD,USD,0.664007
2025-09-11,GBP,USD,1.252056
2025-09-11,EUR,USD,1.100734
2025-09-11,AUD,USD,0.666645
2025-09-12,GBP,USD,1.257063
2025-09-12,EUR,USD,1.104305
2025-09-12,AUD,USD,0.668420
2025-09-15,GBP,USD,1.252935
2025-09-15,EUR,USD,1.100038
2025-09-15,AUD,USD,0.668228
2025-09-16,GBP,USD,1.249515
2025-09-16,EUR,USD,1.103240
2025-09-16,AUD,USD,0.667052
2025-09-17,GBP,USD,1.251244
2025-09-17,EUR,USD,1.100336
2025-09-17,AUD,USD,0.667269
2025-09-18,GBP,USD,1.249768
2025-09-18,EUR,USD,1.101020
2025-09-18,AUD,USD,0.666678
2025-09-19,GBP,USD,1.249757
2025-09-19,EUR,USD,1.101019
2025-09-19,AUD,USD,0.664216
2025-09-22,GBP,USD,1.252170
2025-09-22,EUR,USD,1.093318
2025-09-22,AUD,USD,0.666076
2025-09-23,GBP,USD,1.253734
2025-09-23,EUR,USD,1.091929
2025-09-23,AUD,USD,0.667117
2025-09-24,GBP,USD,1.256799
2025-09-24,EUR,USD,1.092807
2025-09-24,AUD,USD,0.667304
2025-09-25,GBP,USD,1.255587
2025-09-25,EUR,USD,1.090046
2025-09-25,AUD,USD,0.664871
2025-09-26,GBP,USD,1.254201
2025-09-26,EUR,USD,1.089776
2025-09-26,AUD,USD,0.664062
2025-09-29,GBP,USD,1.250508
2025-09-29,EUR,USD,1.092609
2025-09-29,AUD,USD,0.658340
2025-09-30,GBP,USD,1.252147
2025-09-30,EUR,USD,1.096978
2025-09-30,AUD,USD,0.660136
2025-10-01,GBP,USD,1.255818
2025-10-01,EUR,USD,1.099581
2025-10-01,AUD,USD,0.658580
2025-10-02,GBP,USD,1.251845
2025-10-02,EUR,USD,1.102859
2025-10-02,AUD,USD,0.660314
2025-10-03,GBP,USD,1.256714
2025-10-03,EUR,USD,1.106140
2025-10-03,AUD,USD,0.657876
2025-10-06,GBP,USD,1.249762
2025-10-06,EUR,USD,1.103894
2025-10-06,AUD,USD,0.657482
2025-10-07,GBP,USD,1.246402
2025-10-07,EUR,USD,1.107699
2025-10-07,AUD,USD,0.659895
2025-10-08,GBP,USD,1.247641
2025-10-08,EUR,USD,1.110357
2025-10-08,AUD,USD,0.657998
2025-10-09,GBP,USD,1.252615
2025-10-09,EUR,USD,1.108632
2025-10-09,AUD,USD,0.656689
2025-10-10,GBP,USD,1.257575
2025-10-10,EUR,USD,1.109609
2025-10-10,AUD,USD,0.659259
2025-10-13,GBP,USD,1.252750
2025-10-13,EUR,USD,1.109837
2025-10-13,AUD,USD,0.654325
2025-10-14,GBP,USD,1.254823
2025-10-14,EUR,USD,1.106090
2025-10-14,AUD,USD,0.654153
2025-10-15,GBP,USD,1.255601
2025-10-15,EUR,USD,1.105158
2025-10-15,AUD,USD,0.656568
2025-10-16,GBP,USD,1.253351
2025-10-16,EUR,USD,1.105354
2025-10-16,AUD,USD,0.656465
2025-10-17,GBP,USD,1.255952
2025-10-17,EUR,USD,1.107451
2025-10-17,AUD,USD,0.658190
2025-10-20,GBP,USD,1.260946
2025-10-20,EUR,USD,1.112016
2025-10-20,AUD,USD,0.659044
2025-10-21,GBP,USD,1.263455
2025-10-21,EUR,USD,1.115659
2025-10-21,AUD,USD,0.657259
2025-10-22,GBP,USD,1.258642
2025-10-22,EUR,USD,1.119671
2025-10-22,AUD,USD,0.658475
2025-10-23,GBP,USD,1.262310
2025-10-23,EUR,USD,1.120397
2025-10-23,AUD,USD,0.657999
2025-10-24,GBP,USD,1.265802
2025-10-24,EUR,USD,1.124900
2025-10-24,AUD,USD,0.655586
2025-10-27,GBP,USD,1.272496
2025-10-27,EUR,USD,1.128167
2025-10-27,AUD,USD,0.660422
2025-10-28,GBP,USD,1.275013
2025-10-28,EUR,USD,1.130227
2025-10-28,AUD,USD,0.657959
2025-10-29,GBP,USD,1.279902
2025-10-29,EUR,USD,1.128897
2025-10-29,AUD,USD,0.659049
2025-10-30,GBP,USD,1.277032
2025-10-30,EUR,USD,1.126005
2025-10-30,AUD,USD,0.657460
2025-10-31,GBP,USD,1.280506
2025-10-31,EUR,USD,1.121547
2025-10-31,AUD,USD,0.658086
2025-11-03,GBP,USD,1.269118
2025-11-03,EUR,USD,1.122420
2025-11-03,AUD,USD,0.658199
2025-11-04,GBP,USD,1.265596
2025-11-04,EUR,USD,1.126072
2025-11-04,AUD,USD,0.656519
2025-11-05,GBP,USD,1.268349
2025-11-05,EUR,USD,1.129548
2025-11-05,AUD,USD,0.655416
2025-11-06,GBP,USD,1.265186
2025-11-06,EUR,USD,1.127091
2025-11-06,AUD,USD,0.652955
2025-11-07,GBP,USD,1.260986
2025-11-07,EUR,USD,1.131258
2025-11-07,AUD,USD,0.654687
2025-11-10,GBP,USD,1.267031
2025-11-10,EUR,USD,1.137494
2025-11-10,AUD,USD,0.650194
2025-11-11,GBP,USD,1.266278
2025-11-11,EUR,USD,1.134553
2025-11-11,AUD,USD,0.647767
2025-11-12,GBP,USD,1.265599
2025-11-12,EUR,USD,1.136898
2025-11-12,AUD,USD,0.646688
2025-11-13,GBP,USD,1.270430
2025-11-13,EUR,USD,1.137318
2025-11-13,AUD,USD,0.645810
2025-11-14,GBP,USD,1.266321
2025-11-14,EUR,USD,1.135277
2025-11-14,AUD,USD,0.646130
2025-11-17,GBP,USD,1.270947
2025-11-17,EUR,USD,1.124977
2025-11-17,AUD,USD,0.645760
2025-11-18,GBP,USD,1.273983
2025-11-18,EUR,USD,1.122081
2025-11-18,AUD,USD,0.645676
2025-11-19,GBP,USD,1.270453
2025-11-19,EUR,USD,1.119777
2025-11-19,AUD,USD,0.645799
2025-11-20,GBP,USD,1.275257
2025-11-20,EUR,USD,1.115762
2025-11-20,AUD,USD,0.644334
2025-11-21,GBP,USD,1.277137
2025-11-21,EUR,USD,1.120206
2025-11-21,AUD,USD,0.646436
2025-11-24,GBP,USD,1.275871
2025-11-24,EUR,USD,1.113149
2025-11-24,AUD,USD,0.644639
2025-11-25,GBP,USD,1.279955
2025-11-25,EUR,USD,1.116246
2025-11-25,AUD,USD,0.645697
2025-11-26,GBP,USD,1.283111
2025-11-26,EUR,USD,1.115999
2025-11-26,AUD,USD,0.643259
2025-11-27,GBP,USD,1.285572
2025-11-27,EUR,USD,1.112757
2025-11-27,AUD,USD,0.643980
2025-11-28,GBP,USD,1.285064
2025-11-28,EUR,USD,1.115481
2025-11-28,AUD,USD,0.646098
2025-12-01,GBP,USD,1.279449
2025-12-01,EUR,USD,1.119246
2025-12-01,AUD,USD,0.647197
2025-12-02,GBP,USD,1.277928
2025-12-02,EUR,USD,1.123675
2025-12-02,AUD,USD,0.649658
2025-12-03,GBP,USD,1.277872
2025-12-03,EUR,USD,1.121947
2025-12-03,AUD,USD,0.650596
2025-12-04,GBP,USD,1.277181
2025-12-04,EUR,USD,1.120341
2025-12-04,AUD,USD,0.648824
2025-12-05,GBP,USD,1.277207
2025-12-05,EUR,USD,1.120916
2025-12-05,AUD,USD,0.648581
2025-12-08,GBP,USD,1.280349
2025-12-08,EUR,USD,1.120085
2025-12-08,AUD,USD,0.647610
2025-12-09,GBP,USD,1.277529
2025-12-09,EUR,USD,1.123632
2025-12-09,AUD,USD,0.649297
2025-12-10,GBP,USD,1.280080
2025-12-10,EUR,USD,1.127785
2025-12-10,AUD,USD,0.650820
2025-12-11,GBP,USD,1.280785
2025-12-11,EUR,USD,1.127944
2025-12-11,AUD,USD,0.648890
2025-12-12,GBP,USD,1.284145
2025-12-12,EUR,USD,1.124773
2025-12-12,AUD,USD,0.648079
2025-12-15,GBP,USD,1.284666
2025-12-15,EUR,USD,1.122650
2025-12-15,AUD,USD,0.650225
2025-12-16,GBP,USD,1.287070
2025-12-16,EUR,USD,1.118780
2025-12-16,AUD,USD,0.648437
2025-12-17,GBP,USD,1.284517
2025-12-17,EUR,USD,1.119831
2025-12-17,AUD,USD,0.650417
2025-12-18,GBP,USD,1.285984
2025-12-18,EUR,USD,1.123125
2025-12-18,AUD,USD,0.648571
2025-12-19,GBP,USD,1.283729
2025-12-19,EUR,USD,1.123516
2025-12-19,AUD,USD,0.650361
2025-12-22,GBP,USD,1.275146
2025-12-22,EUR,USD,1.127043
2025-12-22,AUD,USD,0.649530
2025-12-23,GBP,USD,1.273450
2025-12-23,EUR,USD,1.128418
2025-12-23,AUD,USD,0.649803
2025-12-24,GBP,USD,1.272492
2025-12-24,EUR,USD,1.130764
2025-12-24,AUD,USD,0.649845
2025-12-26,GBP,USD,1.278853
2025-12-26,EUR,USD,1.138714
2025-12-26,AUD,USD,0.650447
2025-12-29,GBP,USD,1.287066
2025-12-29,EUR,USD,1.137551
2025-12-29,AUD,USD,0.648405
2025-12-30,GBP,USD,1.291158
2025-12-30,EUR,USD,1.140947
2025-12-30,AUD,USD,0.646377
2025-12-31,GBP,USD,1.294353
2025-12-31,EUR,USD,1.145144
2025-12-31,AUD,USD,0.648785
2026-01-02,GBP,USD,1.302131
2026-01-02,EUR,USD,1.143736
2026-01-02,AUD,USD,0.644676
2026-01-05,GBP,USD,1.296994
2026-01-05,EUR,USD,1.143825
2026-01-05,AUD,USD,0.641280
2026-01-06,GBP,USD,1.295089
2026-01-06,EUR,USD,1.143981
2026-01-06,AUD,USD,0.639085
2026-01-07,GBP,USD,1.299047
2026-01-07,EUR,USD,1.139655
2026-01-07,AUD,USD,0.637201
2026-01-08,GBP,USD,1.293909
2026-01-08,EUR,USD,1.140650
2026-01-08,AUD,USD,0.637549
2026-01-09,GBP,USD,1.293230
2026-01-09,EUR,USD,1.140830
2026-01-09,AUD,USD,0.635895
2026-01-12,GBP,USD,1.294213
2026-01-12,EUR,USD,1.136648
2026-01-12,AUD,USD,0.636310
2026-01-13,GBP,USD,1.297031
2026-01-13,EUR,USD,1.139559
2026-01-13,AUD,USD,0.634173
2026-01-14,GBP,USD,1.300304
2026-01-14,EUR,USD,1.141881
2026-01-14,AUD,USD,0.632944
2026-01-15,GBP,USD,1.299981
2026-01-15,EUR,USD,1.142802
2026-01-15,AUD,USD,0.634318
2026-01-16,GBP,USD,1.295827
2026-01-16,EUR,USD,1.145316
2026-01-16,AUD,USD,0.631900
2026-01-19,GBP,USD,1.292195
2026-01-19,EUR,USD,1.144667
2026-01-19,AUD,USD,0.631595
2026-01-20,GBP,USD,1.293570
2026-01-20,EUR,USD,1.145744
2026-01-20,AUD,USD,0.633243
2026-01-21,GBP,USD,1.292200
2026-01-21,EUR,USD,1.141471
2026-01-21,AUD,USD,0.635652
2026-01-22,GBP,USD,1.291025
2026-01-22,EUR,USD,1.137099
2026-01-22,AUD,USD,0.636857
2026-01-23,GBP,USD,1.289074
2026-01-23,EUR,USD,1.141534
2026-01-23,AUD,USD,0.637028
2026-01-26,GBP,USD,1.293077
2026-01-26,EUR,USD,1.136333
2026-01-26,AUD,USD,0.634542
2026-01-27,GBP,USD,1.297587
2026-01-27,EUR,USD,1.139151
2026-01-27,AUD,USD,0.636438
2026-01-28,GBP,USD,1.294255
2026-01-28,EUR,USD,1.136319
2026-01-28,AUD,USD,0.637181
2026-01-29,GBP,USD,1.296745
2026-01-29,EUR,USD,1.138900
2026-01-29,AUD,USD,0.635211
2026-01-30,GBP,USD,1.291698
2026-01-30,EUR,USD,1.143499
2026-01-30,AUD,USD,0.634121
