venue_name,platform,2025-01,2025-02,2025-03,2025-04,2025-05,2025-06,2025-07,2025-08,2025-09,2025-10,2025-11,2025-12
Bayside Karting Melbourne,apex,9500.38,10150.34,6618.90,3849.64,6476.03,6285.66,6038.63,6795.03,8000.79,6965.22,6721.67,8732.47
Desert Speedway Phoenix,apex,9236.17,7632.23,8534.90,5663.11,9620.41,12671.02,12848.27,8789.65,7123.97,8012.54,8465.97,8912.62
Northern Karting Manchester,apex,10293.54,7503.17,11941.64,10623.66,15255.87,18782.68,18926.63,21337.53,11545.33,10994.75,15512.70,14447.91
Orlando Grand Prix Karting,apex,8792.70,10014.02,8998.42,8417.90,9509.55,11870.02,12996.90,14722.57,9868.67,9474.48,8839.03,11434.29
Barton Creek Kayak Tours,hopscotch,5236.10,1874.65,9815.88,7875.10,10346.60,14645.19,12310.57,13968.54,11238.86,11125.98,4389.28,5058.57
Front Range Paintball,hopscotch,17538.60,14242.24,20968.72,15070.05,10706.80,20852.00,20594.98,23379.03,13333.17,15921.24,14178.67,15934.45
Harbour Climb Sydney,hopscotch,5311.13,4816.73,3661.24,2697.43,3088.48,3238.64,3255.87,4703.70,3577.55,3193.91,3220.87,5138.87
Liffey Axe Club,hopscotch,10138.25,12057.75,10994.17,12036.28,12997.74,13647.19,13348.10,20146.86,11918.38,13501.02,11642.12,13359.77
Locked In Leeds,hopscotch,9099.46,9168.67,8123.20,9713.68,9544.77,9770.71,12323.73,12097.76,7199.87,8128.52,8615.19,7684.80
